<?xml version="1.0"?>
<download>
<downloadtestfile id="REC1">
  <textfield>simple record 1</textfield>
  <mvgroup>
    <xassoc>
      <datefieldmv>12/27/2002</datefieldmv>
      <moneyfieldmv>58.25</moneyfieldmv>
    </xassoc>
  </mvgroup>
  <numericfield>4</numericfield>
  <vfield>Not Greater</vfield>
</downloadtestfile>
<downloadtestfile id="REC2">
  <textfield>complex record 2</textfield>
  <mvgroup>
    <xassoc>
      <datefieldmv>12/27/2002</datefieldmv>
      <moneyfieldmv>1.75</moneyfieldmv>
    </xassoc>
    <xassoc>
      <datefieldmv>01/09/2003</datefieldmv>
      <moneyfieldmv></moneyfieldmv>
    </xassoc>
    <xassoc>
      <datefieldmv>01/11/2003</datefieldmv>
      <moneyfieldmv>3.20</moneyfieldmv>
    </xassoc>
  </mvgroup>
  <numericfield>8</numericfield>
  <vfield>Greater</vfield>
</downloadtestfile>
<downloadtestfile id="REC3">
  <textfield>complex record 3</textfield>
  <mvgroup>
    <xassoc>
      <datefieldmv>12/12/2001</datefieldmv>
      <moneyfieldmv>1.00</moneyfieldmv>
    </xassoc>
    <xassoc>
      <datefieldmv>03/30/2002</datefieldmv>
      <moneyfieldmv>2.00</moneyfieldmv>
    </xassoc>
    <xassoc>
      <datefieldmv>10/28/2003</datefieldmv>
      <moneyfieldmv>3.00</moneyfieldmv>
    </xassoc>
    <xassoc>
      <datefieldmv>11/12/2003</datefieldmv>
      <moneyfieldmv>4.00</moneyfieldmv>
    </xassoc>
    <xassoc>
      <datefieldmv>11/20/2003</datefieldmv>
      <moneyfieldmv>5.00</moneyfieldmv>
    </xassoc>
  </mvgroup>
  <numericfield>1</numericfield>
  <vfield>Not Greater</vfield>
</downloadtestfile>
<downloadtestfile id="REC4">
  <textfield>simple record 4</textfield>
  <mvgroup>
    <xassoc>
      <datefieldmv>12/27/2002</datefieldmv>
      <moneyfieldmv>5.00</moneyfieldmv>
    </xassoc>
  </mvgroup>
  <numericfield>7</numericfield>
  <vfield>Greater</vfield>
</downloadtestfile>
<downloadtestfile id="REC5">
  <textfield>complex record 5</textfield>
  <mvgroup>
    <xassoc>
      <datefieldmv>03/30/2002</datefieldmv>
      <moneyfieldmv>1.50</moneyfieldmv>
    </xassoc>
    <xassoc>
      <datefieldmv>01/11/2003</datefieldmv>
      <moneyfieldmv>2.60</moneyfieldmv>
    </xassoc>
    <xassoc>
      <datefieldmv>11/12/2003</datefieldmv>
      <moneyfieldmv>3.70</moneyfieldmv>
    </xassoc>
    <xassoc>
      <datefieldmv>11/20/2003</datefieldmv>
      <moneyfieldmv>4.80</moneyfieldmv>
    </xassoc>
  </mvgroup>
  <numericfield>3</numericfield>
  <vfield>Not Greater</vfield>
</downloadtestfile>
</download>
